id,name,amount,place,gender
1,Emily,2377.58,ebrown0@godaddy.com,Female
2,Willie,2126.58,wcoleman1@so-net.ne.jp,Male
3,Ruby,1558.40,rjackson2@elpais.com,Female
4,Andrew,1492.69,award3@stanford.edu,Male
5,Kathryn,2281.87,kbell4@studiopress.com,Female
6,Gary,1662.78,glittle5@cocolog-nifty.com,Male
7,Kenneth,1233.17,kcruz6@wikimedia.org,Male
8,Julia,2860.30,jferguson7@blogger.com,Female
9,Samuel,3286.48,swelch8@techcrunch.com,Male
10,Brian,3020.57,bbishop9@washington.edu,Male
11,Samuel,1618.86,sfloresa@feedburner.com,Male
12,Beverly,2250.53,breidb@foxnews.com,Female
13,Paul,3734.58,pjamesc@ihg.com,Male
14,Ruby,1618.56,rpriced@theatlantic.com,Female
15,Jason,3999.83,jbishope@utexas.edu,Male
16,Linda,4846.82,lcookf@gmpg.org,Female
17,John,4561.51,jhowardg@ifeng.com,Male
18,Sandra,4879.48,swilsonh@buzzfeed.com,Female
19,Kathryn,3802.78,kharperi@discuz.net,Female
20,Lawrence,1678.55,lbrooksj@europa.eu,Male
21,Kathryn,4157.04,kmorrisk@tiny.cc,Female
22,Maria,4474.53,mmatthewsl@hp.com,Female
23,Amanda,2934.86,adiazm@npr.org,Female
24,Amanda,4147.51,awheelern@icio.us,Female
25,Brenda,2981.92,brichardsono@tinypic.com,Female
26,Ernest,2838.51,ematthewsp@ning.com,Male
27,George,2734.05,gmarshallq@sciencedirect.com,Male
28,Howard,4472.94,hmartinezr@godaddy.com,Male
29,Matthew,2169.92,melliss@npr.org,Male
30,Joan,4908.01,jreedt@oakley.com,Female
31,Donna,3789.27,dmccoyu@ask.com,Female
32,Kenneth,4845.44,kstonev@amazon.co.uk,Male
33,Virginia,4343.58,vhernandezw@reference.com,Female
34,Chris,2684.28,cweaverx@w3.org,Male
35,Gerald,2348.22,gdavisy@earthlink.net,Male
36,Johnny,3680.93,jyoungz@howstuffworks.com,Male
37,Sara,2943.80,skim10@washington.edu,Female
38,John,1580.12,jdunn11@cnn.com,Male
39,Paul,1622.34,polson12@google.ru,Male
40,Walter,4345.43,wgibson13@deviantart.com,Male
41,Deborah,1925.88,dperez14@ning.com,Female
42,Fred,2227.00,fbishop15@creativecommons.org,Male
43,Arthur,2545.83,arivera16@jugem.jp,Male
44,Debra,1528.02,dferguson17@technorati.com,Female
45,Maria,1494.53,mjacobs18@theatlantic.com,Female
46,Nicole,3407.37,nbaker19@npr.org,Female
47,Jeffrey,4458.00,jedwards1a@narod.ru,Male
48,Randy,3945.22,rrivera1b@amazon.co.jp,Male
49,Fred,2083.61,fsmith1c@shutterfly.com,Male
50,Timothy,4801.48,tfranklin1d@typepad.com,Male
51,Nicholas,3203.13,nblack1e@sitemeter.com,Male
52,Catherine,3607.75,ccarroll1f@wordpress.com,Female
53,Raymond,3370.10,rlynch1g@usnews.com,Male
54,Adam,3486.24,abell1h@ibm.com,Male
55,Samuel,4693.29,sfisher1i@myspace.com,Male
56,Julie,4030.20,jchavez1j@goodreads.com,Female
57,Chris,3235.45,cprice1k@nytimes.com,Male
58,Frank,1102.64,flewis1l@bbb.org,Male
59,Jerry,3591.78,jmendoza1m@cnbc.com,Male
60,Carolyn,2855.63,creid1n@miitbeian.gov.cn,Female
61,Harold,4593.55,hpayne1o@msu.edu,Male
62,Paula,3481.80,pscott1p@dyndns.org,Female
63,Rose,3901.09,rmorales1q@myspace.com,Female
64,Wanda,2983.17,wmartinez1r@java.com,Female
65,Dennis,1543.73,dhughes1s@google.es,Male
66,Terry,1182.92,twelch1t@imageshack.us,Male
67,Lois,1925.79,lalvarez1u@samsung.com,Female
68,Douglas,2567.60,dnelson1v@flavors.me,Male
69,Gloria,2433.31,ggardner1w@chronoengine.com,Female
70,Anthony,3679.48,agreene1x@instagram.com,Male
71,Roy,3440.60,rwest1y@indiatimes.com,Male
72,Emily,3897.19,erichards1z@alexa.com,Female
73,Jessica,1557.59,jperry20@myspace.com,Female
74,Jonathan,4664.25,jcooper21@google.pl,Male
75,Gary,2838.67,ghenderson22@google.co.uk,Male
76,Louis,1850.75,lfreeman23@dropbox.com,Male
77,Kevin,3963.52,klawson24@jimdo.com,Male
78,Harry,3102.69,hpeterson25@yellowbook.com,Male
79,Chris,3236.93,cgordon26@godaddy.com,Male
80,Eric,3026.04,elynch27@liveinternet.ru,Male
81,Teresa,2348.19,twilliams28@lulu.com,Female
82,Steven,3324.21,swilliamson29@symantec.com,Male
83,Doris,4809.70,dthomas2a@msu.edu,Female
84,Carlos,2131.81,cromero2b@imgur.com,Male
85,Joan,1851.20,jlynch2c@weebly.com,Female
86,Theresa,2538.21,thudson2d@topsy.com,Female
87,Elizabeth,1384.15,eortiz2e@youku.com,Female
88,Gerald,1685.49,ggreene2f@netlog.com,Male
89,Nicole,3696.60,nmartin2g@businessinsider.com,Female
90,Johnny,3096.97,jhunt2h@alibaba.com,Male
91,Anna,3899.91,adiaz2i@sbwire.com,Female
92,Nancy,4992.89,nhart2j@devhub.com,Female
93,Lisa,2697.39,lortiz2k@google.co.jp,Female
94,Christine,3932.62,cstewart2l@google.pl,Female
95,Eric,2105.86,enguyen2m@mapquest.com,Male
96,Matthew,4354.79,mgilbert2n@google.com,Male
97,Ruth,3281.16,rperez2o@reference.com,Female
98,Louis,1419.31,lruiz2p@youtube.com,Male
99,Carol,4691.17,cpeterson2q@e-recht24.de,Female
100,Lawrence,4009.02,llewis2r@springer.com,Male
101,Teresa,1343.21,tstone2s@discovery.com,Female
102,Judith,2153.21,jjackson2t@nasa.gov,Female
103,Tammy,4560.86,tfreeman2u@ycombinator.com,Female
104,Jean,1876.00,jtucker2v@google.com,Female
105,Lois,1228.81,lknight2w@cdbaby.com,Female
106,Antonio,1778.82,abryant2x@un.org,Male
107,Ryan,1940.53,rwheeler2y@google.com.hk,Male
108,Karen,4712.16,kaustin2z@merriam-webster.com,Female
109,Dorothy,1726.10,dbaker30@macromedia.com,Female
110,Justin,3199.32,jlittle31@about.me,Male
111,Alice,3236.49,areynolds32@shutterfly.com,Female
112,Donald,1610.30,dandrews33@hhs.gov,Male
113,Elizabeth,4437.52,ehanson34@nymag.com,Female
114,Rachel,4863.95,rlopez35@walmart.com,Female
115,Brenda,4277.19,bpeters36@storify.com,Female
116,Rachel,1320.23,rrogers37@usatoday.com,Female
117,Rebecca,1388.36,rmorrison38@vistaprint.com,Female
118,Barbara,3034.83,bbryant39@bigcartel.com,Female
119,Heather,4677.95,hroberts3a@123-reg.co.uk,Female
120,Kathy,3363.95,khunter3b@un.org,Female
121,Jeremy,2494.63,jharvey3c@blog.com,Male
122,Rebecca,3871.61,rsnyder3d@github.com,Female
123,Betty,4232.10,bharvey3e@mlb.com,Female
124,Elizabeth,1973.85,eburke3f@bbc.co.uk,Female
125,Richard,4981.08,rwelch3g@yolasite.com,Male
126,Steven,3280.14,smorgan3h@ihg.com,Male
127,Sara,2007.06,scole3i@xinhuanet.com,Female
128,Billy,4387.10,bmitchell3j@abc.net.au,Male
129,Kelly,2974.86,khill3k@theguardian.com,Female
130,Debra,4593.82,dbennett3l@alibaba.com,Female
131,Philip,1996.20,pharvey3m@aboutads.info,Male
132,Sarah,3753.21,srobertson3n@wired.com,Female
133,Julie,3737.81,jstevens3o@rambler.ru,Female
134,Angela,3109.05,amendoza3p@nba.com,Female
135,Ruby,4352.74,rfowler3q@webmd.com,Female
136,Victor,1391.16,vwarren3r@issuu.com,Male
137,Anna,2107.20,apeters3s@gizmodo.com,Female
138,Earl,4337.94,elarson3t@yale.edu,Male
139,Harry,2603.85,hspencer3u@sfgate.com,Male
140,Clarence,2726.47,ckim3v@businesswire.com,Male
141,Carlos,1924.97,creynolds3w@oakley.com,Male
142,Harry,1178.49,hhall3x@google.pl,Male
143,Douglas,2664.60,dalexander3y@vimeo.com,Male
144,Douglas,3698.86,dwilliams3z@amazon.de,Male
145,Kathryn,4930.69,kking40@ow.ly,Female
146,Jose,2219.42,jking41@shutterfly.com,Male
147,Brenda,1134.10,bjohnson42@sina.com.cn,Female
148,Craig,2644.08,chansen43@themeforest.net,Male
149,Linda,1965.04,lpierce44@ustream.tv,Female
150,Roger,1967.05,rmiller45@psu.edu,Male
151,Robert,1601.61,rchapman46@geocities.com,Male
152,Kathryn,3790.89,kramos47@huffingtonpost.com,Female
153,Rachel,1231.09,rwilliams48@nydailynews.com,Female
154,Marilyn,2160.31,mmoreno49@ucoz.com,Female
155,Beverly,3587.92,bjohnson4a@ow.ly,Female
156,Robin,2458.89,rmccoy4b@xrea.com,Female
157,Mark,1276.55,myoung4c@opera.com,Male
158,Tammy,1265.41,tgeorge4d@storify.com,Female
159,Eugene,4873.26,eramos4e@instagram.com,Male
160,Rose,3584.11,rclark4f@nationalgeographic.com,Female
161,Julia,2884.44,jortiz4g@usgs.gov,Female
162,Katherine,4641.69,kdaniels4h@china.com.cn,Female
163,Doris,3335.26,dmorrison4i@deliciousdays.com,Female
164,Phyllis,2098.23,pweaver4j@symantec.com,Female
165,Keith,3394.04,kmartin4k@spiegel.de,Male
166,Arthur,1325.41,amiller4l@businessinsider.com,Male
167,Joan,1684.60,jwarren4m@google.com.br,Female
168,Ruth,4903.84,rwebb4n@slideshare.net,Female
169,Ryan,4613.33,rharris4o@noaa.gov,Male
170,Phyllis,1454.58,pwoods4p@wunderground.com,Female
171,Frank,4216.87,fturner4q@time.com,Male
172,Carlos,2535.70,clittle4r@sohu.com,Male
173,Henry,2856.77,hjohnson4s@facebook.com,Male
174,Peter,1580.48,pferguson4t@cloudflare.com,Male
175,Andrew,4220.17,arogers4u@unicef.org,Male
176,Pamela,1930.51,pelliott4v@bizjournals.com,Female
177,Steve,2797.94,smoore4w@youtube.com,Male
178,Jonathan,4097.43,jlynch4x@comcast.net,Male
179,Anne,1525.07,ashaw4y@artisteer.com,Female
180,Beverly,3884.19,bcruz4z@de.vu,Female
181,Amanda,4749.10,agriffin50@rediff.com,Female
182,Charles,1746.70,cwright51@about.me,Male
183,Douglas,4360.06,drodriguez52@facebook.com,Male
184,Joshua,3717.75,jwashington53@studiopress.com,Male
185,Earl,3723.61,ebishop54@china.com.cn,Male
186,Carolyn,3544.37,crivera55@homestead.com,Female
187,Kevin,3326.54,klawson56@exblog.jp,Male
188,Lillian,3908.47,lsimmons57@engadget.com,Female
189,Mary,1433.18,mrodriguez58@delicious.com,Female
190,Kathy,1807.83,kjohnston59@economist.com,Female
191,Chris,4202.80,cscott5a@vinaora.com,Male
192,Roger,1421.83,rreyes5b@angelfire.com,Male
193,Carlos,2368.64,cellis5c@ibm.com,Male
194,Dennis,1237.79,dnelson5d@liveinternet.ru,Male
195,Amanda,2453.13,afowler5e@cyberchimps.com,Female
196,Nancy,4178.47,nthomas5f@google.com,Female
197,Ernest,4575.86,eford5g@census.gov,Male
198,Ryan,1976.61,rdavis5h@surveymonkey.com,Male
199,Jane,4162.62,jtucker5i@sfgate.com,Female
200,Juan,2354.98,jclark5j@theatlantic.com,Male
201,Angela,2612.81,arussell5k@seattletimes.com,Female
202,Louise,3975.33,landerson5l@github.io,Female
203,Andrea,4819.38,abryant5m@rediff.com,Female
204,Timothy,3466.51,tmoore5n@senate.gov,Male
205,Bobby,2325.06,blynch5o@utexas.edu,Male
206,Lisa,2288.48,lcastillo5p@apple.com,Female
207,Denise,1093.43,dfernandez5q@liveinternet.ru,Female
208,Stephanie,3332.20,sthomas5r@virginia.edu,Female
209,Michelle,3111.90,mstevens5s@mac.com,Female
210,Heather,4775.04,hsimpson5t@quantcast.com,Female
211,Peter,4232.77,pmason5u@nationalgeographic.com,Male
212,Edward,1561.53,eramirez5v@github.com,Male
213,Jerry,3167.47,jburke5w@google.de,Male
214,Anthony,3297.25,awilliams5x@goodreads.com,Male
215,Peter,2274.28,pcarpenter5y@columbia.edu,Male
216,Lisa,2569.94,lcole5z@lycos.com,Female
217,Ryan,2357.79,rpowell60@harvard.edu,Male
218,Stephanie,2255.71,skennedy61@sphinn.com,Female
219,Ralph,2692.60,rpeterson62@globo.com,Male
220,Angela,1447.18,agriffin63@ibm.com,Female
221,Chris,4828.83,cpayne64@newsvine.com,Male
222,Harry,4276.73,hphillips65@icq.com,Male
223,Paula,1508.38,pcarter66@sina.com.cn,Female
224,Anne,4798.02,ahowell67@sina.com.cn,Female
225,Maria,4684.65,mcarpenter68@simplemachines.org,Female
226,Kimberly,2340.23,kdaniels69@facebook.com,Female
227,Todd,4505.13,tdaniels6a@va.gov,Male
228,Judy,4162.48,jmorrison6b@so-net.ne.jp,Female
229,Elizabeth,3438.61,espencer6c@guardian.co.uk,Female
230,Albert,4427.15,asullivan6d@alibaba.com,Male
231,Rachel,2369.30,rwells6e@yelp.com,Female
232,Peter,1863.25,pdean6f@kickstarter.com,Male
233,Ashley,3315.82,arussell6g@quantcast.com,Female
234,Jeffrey,1426.79,jbailey6h@themeforest.net,Male
235,Victor,2983.54,vwallace6i@nba.com,Male
236,Sara,3840.24,saustin6j@ocn.ne.jp,Female
237,Joe,2987.21,jjackson6k@jugem.jp,Male
238,Michael,1589.06,mmccoy6l@reverbnation.com,Male
239,Julie,2534.00,jjackson6m@unicef.org,Female
240,Angela,1738.29,apatterson6n@tuttocitta.it,Female
241,Jacqueline,1317.36,jbowman6o@dyndns.org,Female
242,Russell,1141.60,rmendoza6p@deliciousdays.com,Male
243,Debra,3973.17,dfox6q@moonfruit.com,Female
244,Arthur,3576.23,awashington6r@webeden.co.uk,Male
245,Kathryn,1553.01,kstephens6s@reverbnation.com,Female
246,Maria,4484.41,mwagner6t@weather.com,Female
247,Irene,4592.07,iowens6u@jigsy.com,Female
248,Ruby,2738.32,rdunn6v@google.de,Female
249,Denise,1583.13,dmoore6w@alexa.com,Female
250,Nicholas,1833.31,nwilliamson6x@ow.ly,Male
251,Joe,2227.88,jjohnston6y@upenn.edu,Male
252,Catherine,2049.83,cflores6z@google.ca,Female
253,Diane,3699.51,dhamilton70@arizona.edu,Female
254,Lawrence,1233.26,lgibson71@so-net.ne.jp,Male
255,Paul,3220.90,pcarter72@wordpress.org,Male
256,Henry,2923.69,howens73@flavors.me,Male
257,Willie,4152.06,wwillis74@tripadvisor.com,Male
258,Martin,2698.60,medwards75@php.net,Male
259,Kelly,1398.91,kdixon76@archive.org,Female
260,Carl,2961.39,chanson77@amazon.com,Male
261,Katherine,2703.00,kmcdonald78@rambler.ru,Female
262,Stephen,1268.71,scook79@cbsnews.com,Male
263,Ernest,4286.44,edavis7a@mlb.com,Male
264,Frank,1178.76,fstevens7b@typepad.com,Male
265,Nicholas,4905.63,nperez7c@accuweather.com,Male
266,Billy,4417.24,bburton7d@upenn.edu,Male
267,Eric,4124.25,ediaz7e@fc2.com,Male
268,Deborah,3200.59,dlawson7f@tripadvisor.com,Female
269,Russell,2793.56,rmartin7g@telegraph.co.uk,Male
270,Ernest,2931.63,ejames7h@people.com.cn,Male
271,Jason,2688.81,jking7i@bloomberg.com,Male
272,Jean,4583.57,jcooper7j@bbc.co.uk,Female
273,Henry,4956.67,hfranklin7k@alibaba.com,Male
274,Teresa,2630.93,tyoung7l@freewebs.com,Female
275,Amanda,3722.95,amurphy7m@whitehouse.gov,Female
276,Louise,1921.48,lfrazier7n@sfgate.com,Female
277,Beverly,4881.72,bsnyder7o@epa.gov,Female
278,Paula,3436.48,pwest7p@accuweather.com,Female
279,Phyllis,2959.60,padams7q@zdnet.com,Female
280,Jacqueline,1255.66,jevans7r@ow.ly,Female
281,Kathryn,1874.03,kolson7s@last.fm,Female
282,Helen,3320.50,hbell7t@zimbio.com,Female
283,Julia,1493.91,jmoreno7u@hp.com,Female
284,Carl,1434.02,calexander7v@jimdo.com,Male
285,Virginia,3770.22,vhawkins7w@jugem.jp,Female
286,Carl,2332.68,cgilbert7x@ebay.com,Male
287,Jason,3143.19,jjacobs7y@blogger.com,Male
288,James,3783.69,jwilliams7z@cloudflare.com,Male
289,Patricia,2467.67,palvarez80@japanpost.jp,Female
290,William,1880.91,wlynch81@marriott.com,Male
291,Robin,3911.13,rmiller82@last.fm,Female
292,Elizabeth,2606.72,ewagner83@netvibes.com,Female
293,Jimmy,2651.14,jblack84@people.com.cn,Male
294,Michelle,4598.73,mgonzalez85@accuweather.com,Female
295,Evelyn,2143.67,egreen86@scribd.com,Female
296,Arthur,3006.21,afranklin87@webeden.co.uk,Male
297,Kathleen,3308.37,kcunningham88@arizona.edu,Female
298,Stephen,1279.12,sbarnes89@buzzfeed.com,Male
299,George,3192.62,gwells8a@squarespace.com,Male
300,Paula,3497.13,pwagner8b@toplist.cz,Female
301,Roger,3433.28,rpeters8c@nih.gov,Male
302,Douglas,4559.02,dfernandez8d@instagram.com,Male
303,Dennis,2560.08,dmoore8e@php.net,Male
304,Earl,2129.90,emoore8f@wikipedia.org,Male
305,Brandon,4890.49,bwood8g@sciencedaily.com,Male
306,Christopher,4341.55,cadams8h@google.ca,Male
307,Diana,2408.94,drice8i@cornell.edu,Female
308,Howard,2868.52,hbrooks8j@purevolume.com,Male
309,Deborah,4659.13,dschmidt8k@hhs.gov,Female
310,Richard,4721.57,rlee8l@npr.org,Male
311,Eric,1535.03,egardner8m@businesswire.com,Male
312,Wanda,1312.07,whanson8n@cargocollective.com,Female
313,Mildred,4797.35,mbowman8o@samsung.com,Female
314,Aaron,1864.80,agray8p@i2i.jp,Male
315,Gloria,2855.41,gharvey8q@ebay.com,Female
316,Carlos,2386.02,cwashington8r@webeden.co.uk,Male
317,Jimmy,2743.89,jgriffin8s@fda.gov,Male
318,Brenda,2875.25,bkelly8t@buzzfeed.com,Female
319,Joyce,3238.29,jgriffin8u@nps.gov,Female
320,Victor,3764.84,vcunningham8v@blogspot.com,Male
321,Nancy,1915.12,nnelson8w@forbes.com,Female
322,Gloria,3377.06,gcarpenter8x@economist.com,Female
323,Helen,3437.20,hfields8y@yolasite.com,Female
324,Nancy,1641.21,nnelson8z@cpanel.net,Female
325,Joseph,3383.36,jvasquez90@webs.com,Male
326,Lawrence,1076.50,lhamilton91@wordpress.org,Male
327,Christina,4276.10,cfranklin92@independent.co.uk,Female
328,Carl,4432.94,cbradley93@usa.gov,Male
329,Pamela,2644.38,pwhite94@dropbox.com,Female
330,Heather,3512.72,hellis95@globo.com,Female
331,David,3117.22,dday96@theglobeandmail.com,Male
332,Sean,3914.22,sstephens97@squarespace.com,Male
333,Ronald,2489.17,rmorris98@1688.com,Male
334,Gregory,1003.84,gfreeman99@bloglovin.com,Male
335,Brenda,4468.35,bfowler9a@google.pl,Female
336,Tina,4257.99,twatkins9b@goo.gl,Female
337,Amy,4319.09,ahamilton9c@sciencedirect.com,Female
338,Marie,2410.64,mhernandez9d@godaddy.com,Female
339,Richard,3661.94,rgrant9e@patch.com,Male
340,Michelle,3943.42,mbanks9f@apache.org,Female
341,Margaret,1447.13,mortiz9g@wunderground.com,Female
342,Christopher,3454.69,cjacobs9h@jiathis.com,Male
343,Nicole,1548.49,nmorgan9i@virginia.edu,Female
344,Donna,1321.82,ddaniels9j@alexa.com,Female
345,Phyllis,2745.83,pmoore9k@google.com,Female
346,Julia,1377.01,jwells9l@yandex.ru,Female
347,Margaret,2414.33,mmurray9m@clickbank.net,Female
348,Norma,3662.55,nmitchell9n@icio.us,Female
349,Jack,3301.52,jlee9o@wix.com,Male
350,Jean,4019.22,jturner9p@oracle.com,Female
351,Beverly,1208.52,bbarnes9q@engadget.com,Female
352,Victor,4932.96,vbryant9r@booking.com,Male
353,Wayne,4155.54,wrogers9s@nba.com,Male
354,Judy,1882.41,jadams9t@istockphoto.com,Female
355,Bobby,3376.36,bwoods9u@google.de,Male
356,Brandon,1273.15,bsanders9v@go.com,Male
357,Paula,2110.73,pmorgan9w@yellowbook.com,Female
358,Earl,3675.03,elopez9x@patch.com,Male
359,Ruby,4547.25,rmeyer9y@house.gov,Female
360,Peter,1170.73,phayes9z@epa.gov,Male
361,William,3437.16,wjenkinsa0@epa.gov,Male
362,Laura,4090.97,ljenkinsa1@google.ca,Female
363,Carolyn,3856.00,clonga2@goo.ne.jp,Female
364,Teresa,2198.60,tgriffina3@fotki.com,Female
365,Barbara,2016.94,bspencera4@vistaprint.com,Female
366,Billy,2301.07,bjonesa5@boston.com,Male
367,Alan,3447.74,atorresa6@elegantthemes.com,Male
368,David,3241.46,dportera7@java.com,Male
369,Ruth,4442.56,rschmidta8@last.fm,Female
370,Antonio,4034.30,ahicksa9@last.fm,Male
371,Martin,2097.41,mnelsonaa@businesswire.com,Male
372,Rachel,3549.00,rbutlerab@xrea.com,Female
373,Donald,3717.80,dkingac@yandex.ru,Male
374,Tammy,2773.78,tbishopad@netscape.com,Female
375,Wayne,3948.35,wmatthewsae@google.com.hk,Male
376,Nicholas,1197.35,nmorrisonaf@wikipedia.org,Male
377,Todd,1376.97,tcarterag@google.pl,Male
378,Brandon,3000.96,bperryah@nbcnews.com,Male
379,Justin,1856.96,jhernandezai@delicious.com,Male
380,Andrew,3420.16,areyesaj@aol.com,Male
381,Jeremy,1153.15,jbrownak@godaddy.com,Male
382,Aaron,2234.07,areyesal@plala.or.jp,Male
383,Eric,3245.62,eburnsam@sciencedaily.com,Male
384,Judith,3548.80,jgriffinan@technorati.com,Female
385,Carlos,1040.36,cpierceao@usda.gov,Male
386,Carol,4983.21,cbowmanap@bbc.co.uk,Female
387,Charles,3909.30,cjamesaq@typepad.com,Male
388,Raymond,3022.35,raustinar@vinaora.com,Male
389,Earl,4103.99,elawsonas@statcounter.com,Male
390,Todd,3343.78,tpattersonat@hubpages.com,Male
391,Catherine,3064.34,cstephensau@ucoz.com,Female
392,Joan,4106.15,jlawsonav@irs.gov,Female
393,Eric,4696.32,echapmanaw@icio.us,Male
394,Terry,2524.46,thartax@linkedin.com,Male
395,Adam,3579.56,amedinaay@alibaba.com,Male
396,Pamela,4515.15,pleeaz@nps.gov,Female
397,Ashley,2079.63,awardb0@feedburner.com,Female
398,Lisa,1047.38,lcoleb1@biglobe.ne.jp,Female
399,Irene,4210.09,idanielsb2@weather.com,Female
400,Angela,1930.44,asmithb3@addthis.com,Female
401,Phillip,1843.14,prossb4@free.fr,Male
402,Norma,3139.37,nwoodsb5@gravatar.com,Female
403,Samuel,4055.76,sspencerb6@theguardian.com,Male
404,Carl,3192.80,cnelsonb7@ucoz.ru,Male
405,Harold,3207.38,htorresb8@mediafire.com,Male
406,Roger,3001.33,rstephensb9@spotify.com,Male
407,Denise,4432.25,dcookba@microsoft.com,Female
408,Joe,3161.96,jelliottbb@gov.uk,Male
409,Patrick,3112.58,pbrownbc@berkeley.edu,Male
410,Evelyn,4794.03,ewilliamsbd@dyndns.org,Female
411,Rebecca,3053.94,rramirezbe@ameblo.jp,Female
412,Billy,2118.86,bmoralesbf@redcross.org,Male
413,Ronald,1957.51,rgriffinbg@linkedin.com,Male
414,George,3588.43,ggonzalezbh@wikipedia.org,Male
415,Angela,3933.36,aadamsbi@icq.com,Female
416,Larry,2945.40,ldunnbj@nyu.edu,Male
417,Jonathan,3186.41,jandersonbk@china.com.cn,Male
418,Annie,2156.14,amasonbl@canalblog.com,Female
419,Eric,1622.01,ehallbm@reddit.com,Male
420,Marilyn,3619.67,mbutlerbn@behance.net,Female
421,Rose,4033.72,rgarzabo@salon.com,Female
422,Bonnie,3933.52,bcastillobp@moonfruit.com,Female
423,Lisa,2964.35,lgonzalesbq@xrea.com,Female
424,Jason,1778.36,jnguyenbr@wsj.com,Male
425,Clarence,2682.36,cmcdonaldbs@biglobe.ne.jp,Male
426,Melissa,2016.74,mramosbt@eepurl.com,Female
427,Wayne,1642.54,wcunninghambu@utexas.edu,Male
428,Jean,4708.02,jwebbbv@posterous.com,Female
429,Andrew,1043.88,apalmerbw@gnu.org,Male
430,Roy,3934.54,rspencerbx@ox.ac.uk,Male
431,Donald,4705.97,dscottby@auda.org.au,Male
432,Roger,3168.16,roliverbz@altervista.org,Male
433,Gregory,3588.61,gmontgomeryc0@ovh.net,Male
434,Martha,3710.70,mkelleyc1@bloomberg.com,Female
435,Carol,2822.92,cmccoyc2@vk.com,Female
436,Todd,4488.74,twelchc3@pbs.org,Male
437,Lawrence,1238.27,lcampbellc4@arizona.edu,Male
438,Brandon,3353.54,bramosc5@constantcontact.com,Male
439,Dorothy,1857.73,dsanchezc6@usgs.gov,Female
440,Jason,1878.26,jmoralesc7@hao123.com,Male
441,Laura,3246.12,lwatkinsc8@hhs.gov,Female
442,Margaret,1206.83,mhowellc9@sfgate.com,Female
443,Kimberly,4661.48,kspencerca@qq.com,Female
444,Annie,4741.49,ahuntercb@e-recht24.de,Female
445,Barbara,4896.71,bturnercc@ox.ac.uk,Female
446,Sean,3986.29,swatsoncd@wikipedia.org,Male
447,Joshua,2261.21,jholmesce@pagesperso-orange.fr,Male
448,Martin,3438.60,mmoorecf@yelp.com,Male
449,Kathy,3374.41,kbakercg@salon.com,Female
450,Howard,3935.92,hwilsonch@paginegialle.it,Male
451,Cynthia,4519.67,cwatsonci@reddit.com,Female
452,Justin,4303.29,jhuntcj@si.edu,Male
453,Tammy,1715.77,tjamesck@seesaa.net,Female
454,Shawn,3841.25,spetersoncl@drupal.org,Male
455,Doris,4204.83,dfreemancm@java.com,Female
456,Robert,2873.18,rortizcn@t.co,Male
457,Margaret,2093.51,mburnsco@dropbox.com,Female
458,Brian,2998.81,bruizcp@sfgate.com,Male
459,Louis,3897.10,lwrightcq@google.it,Male
460,Shawn,4470.63,sthompsoncr@microsoft.com,Male
461,Margaret,2329.43,mtaylorcs@yellowpages.com,Female
462,Maria,2628.47,mbrooksct@weebly.com,Female
463,Bonnie,2942.00,breidcu@aboutads.info,Female
464,Frank,4059.28,fcastillocv@shop-pro.jp,Male
465,Helen,4445.42,hwellscw@eventbrite.com,Female
466,Donald,4532.29,dtorrescx@surveymonkey.com,Male
467,Maria,3202.34,mrogerscy@goo.gl,Female
468,Louise,2250.36,lmedinacz@nyu.edu,Female
469,Wanda,4389.84,wsimpsond0@i2i.jp,Female
470,Amanda,3392.77,ahudsond1@rakuten.co.jp,Female
471,Wanda,1918.51,wmorgand2@shareasale.com,Female
472,Ann,3595.94,aholmesd3@taobao.com,Female
473,Annie,2856.41,alewisd4@51.la,Female
474,Tina,1598.44,tfrazierd5@ted.com,Female
475,Gerald,1432.81,gsmithd6@loc.gov,Male
476,Robin,3907.26,rmyersd7@so-net.ne.jp,Female
477,Joyce,1751.44,jhendersond8@wisc.edu,Female
478,Lois,2844.46,loliverd9@scientificamerican.com,Female
479,Paula,1808.99,pjacksonda@list-manage.com,Female
480,Kathryn,1596.80,kmorrisdb@hexun.com,Female
481,Stephen,4093.65,sbennettdc@ezinearticles.com,Male
482,Doris,2643.49,dbennettdd@mapy.cz,Female
483,Cheryl,2932.93,cfranklinde@histats.com,Female
484,David,2284.25,dhudsondf@amazon.com,Male
485,Howard,4085.15,hbennettdg@opensource.org,Male
486,Lillian,2566.77,lhughesdh@goo.ne.jp,Female
487,Doris,1492.99,dthompsondi@domainmarket.com,Female
488,Benjamin,4869.18,bwestdj@stumbleupon.com,Male
489,Bruce,4407.78,brusselldk@kickstarter.com,Male
490,Bobby,1252.65,bpowelldl@fc2.com,Male
491,Janice,1208.93,jchavezdm@rambler.ru,Female
492,Lois,1929.85,lcolemandn@noaa.gov,Female
493,Heather,3332.74,hnelsondo@statcounter.com,Female
494,Diane,3757.60,dsmithdp@apple.com,Female
495,Kimberly,1339.86,kmedinadq@oakley.com,Female
496,Fred,3825.59,fwellsdr@example.com,Male
497,John,4838.72,jsmithds@parallels.com,Male
498,Scott,2891.37,swagnerdt@icio.us,Male
499,Joshua,3350.30,jbrooksdu@zimbio.com,Male
500,Eric,4044.25,ehalldv@telegraph.co.uk,Male
501,Patrick,2500.22,pwillisdw@theguardian.com,Male
502,Charles,4946.49,cmoralesdx@moonfruit.com,Male
503,Bruce,3696.11,bgeorgedy@nba.com,Male
504,Billy,3617.79,bjacksondz@chronoengine.com,Male
505,Arthur,4151.13,ajacksone0@ocn.ne.jp,Male
506,Billy,1256.10,badamse1@ftc.gov,Male
507,Jane,2587.21,jyounge2@admin.ch,Female
508,Raymond,3481.05,rcarre3@kickstarter.com,Male
509,Kelly,1178.77,ksullivane4@feedburner.com,Female
510,Karen,1796.93,ksanderse5@washingtonpost.com,Female
511,Norma,4259.00,nhalle6@weibo.com,Female
512,Terry,1700.67,tjacobse7@squarespace.com,Male
513,Lawrence,4100.36,llynche8@amazon.co.uk,Male
514,Gerald,3112.05,ghuntere9@ezinearticles.com,Male
515,Amanda,2806.15,aadamsea@google.com.au,Female
516,Lois,2925.17,lalexandereb@parallels.com,Female
517,Bruce,1682.22,bchapmanec@bloglines.com,Male
518,Ashley,1218.56,ahowarded@wsj.com,Female
519,Albert,2463.01,agardneree@japanpost.jp,Male
520,Janet,1011.73,jbishopef@un.org,Female
521,Susan,3455.62,skingeg@wisc.edu,Female
522,Eugene,1891.03,eperkinseh@deviantart.com,Male
523,Steve,1260.26,sarnoldei@eventbrite.com,Male
524,Steve,4459.11,shendersonej@dailymail.co.uk,Male
525,Martha,3194.28,mreynoldsek@posterous.com,Female
526,Justin,1230.58,jporterel@ted.com,Male
527,Jacqueline,3060.64,jperezem@ebay.co.uk,Female
528,Joan,2646.06,jramosen@plala.or.jp,Female
529,Christina,2205.99,cwilliamsoneo@businessweek.com,Female
530,Kenneth,3252.27,kgrantep@aboutads.info,Male
531,Kathryn,3236.88,kthompsoneq@surveymonkey.com,Female
532,Daniel,2980.17,daustiner@merriam-webster.com,Male
533,Andrew,3156.14,afrazieres@odnoklassniki.ru,Male
534,Richard,4173.71,rkellyet@imageshack.us,Male
535,Denise,3815.45,dwrighteu@biglobe.ne.jp,Female
536,Ronald,1571.64,rjohnsonev@networksolutions.com,Male
537,Justin,2492.02,jwallaceew@loc.gov,Male
538,Carl,1870.06,ccrawfordex@gravatar.com,Male
539,Bobby,1837.21,brichardsoney@oakley.com,Male
540,Ruby,2790.32,rbarnesez@1688.com,Female
541,Debra,2193.15,drayf0@independent.co.uk,Female
542,Ernest,2863.48,epiercef1@devhub.com,Male
543,Craig,4116.24,caustinf2@mysql.com,Male
544,Clarence,2959.31,cwatsonf3@sciencedirect.com,Male
545,Janet,2479.41,jmooref4@reference.com,Female
546,James,2758.20,jhowellf5@epa.gov,Male
547,Mary,2878.46,mthompsonf6@e-recht24.de,Female
548,Philip,1340.74,pkingf7@cyberchimps.com,Male
549,Wanda,2876.18,wpalmerf8@amazon.de,Female
550,Andrea,4559.14,apaynef9@bandcamp.com,Female
551,Mildred,3361.43,mshawfa@blogtalkradio.com,Female
552,Karen,1417.29,kdeanfb@icq.com,Female
553,Jane,2288.56,jmillsfc@canalblog.com,Female
554,Frank,3660.56,fstevensfd@timesonline.co.uk,Male
555,Joan,3045.34,jfosterfe@gov.uk,Female
556,Kimberly,2244.31,kfergusonff@hhs.gov,Female
557,Jane,1615.34,jbennettfg@surveymonkey.com,Female
558,Beverly,3826.66,bdunnfh@wikimedia.org,Female
559,Dorothy,4396.91,dcooperfi@businesswire.com,Female
560,Amy,3829.23,akelleyfj@adobe.com,Female
561,Larry,1147.68,lhunterfk@360.cn,Male
562,Jessica,1263.67,jhillfl@youku.com,Female
563,Jimmy,2974.85,jfordfm@aol.com,Male
564,Ronald,3380.23,rperkinsfn@un.org,Male
565,Nicole,1386.87,nburnsfo@soundcloud.com,Female
566,Larry,4031.90,lpetersfp@123-reg.co.uk,Male
567,Elizabeth,2327.11,ewestfq@bloglovin.com,Female
568,Teresa,2788.28,tcarrollfr@webmd.com,Female
569,Joshua,1970.51,jrayfs@uiuc.edu,Male
570,Jesse,2325.42,jtorresft@odnoklassniki.ru,Male
571,Debra,2265.42,dberryfu@purevolume.com,Female
572,Ann,3939.03,aoliverfv@ox.ac.uk,Female
573,Julie,2422.76,jmurrayfw@opensource.org,Female
574,Evelyn,2529.75,ebradleyfx@nifty.com,Female
575,Eric,2693.21,ephillipsfy@hc360.com,Male
576,Jane,1769.92,jalexanderfz@hexun.com,Female
577,Theresa,2595.42,tparkerg0@ted.com,Female
578,Martha,2755.35,mtaylorg1@alibaba.com,Female
579,Victor,3545.68,voliverg2@sciencedaily.com,Male
580,Adam,4245.47,amurphyg3@netscape.com,Male
581,Jose,3821.82,jreedg4@nationalgeographic.com,Male
582,Shawn,4385.96,smitchellg5@twitpic.com,Male
583,Shawn,4038.21,sarnoldg6@sfgate.com,Male
584,Scott,1618.18,sdunng7@ibm.com,Male
585,Frances,1457.83,fharperg8@arizona.edu,Female
586,Patrick,4537.05,pweaverg9@hc360.com,Male
587,Wayne,2988.53,wgreenga@surveymonkey.com,Male
588,Aaron,1850.27,acartergb@alibaba.com,Male
589,Edward,4578.46,eryangc@vinaora.com,Male
590,Juan,4764.54,jrogersgd@earthlink.net,Male
591,Gerald,2052.12,gberryge@uol.com.br,Male
592,Craig,4314.07,ccolemangf@engadget.com,Male
593,Sharon,1033.88,scastillogg@feedburner.com,Female
594,Mark,1610.30,mboydgh@furl.net,Male
595,Jane,1925.58,jaustingi@symantec.com,Female
596,Charles,2521.71,cnguyengj@bandcamp.com,Male
597,Annie,4015.08,abishopgk@joomla.org,Female
598,Angela,1733.52,ahendersongl@github.io,Female
599,Jason,2747.40,jgraygm@miibeian.gov.cn,Male
600,Jesse,4161.55,jparkergn@admin.ch,Male
601,Joshua,1950.15,jdiazgo@theatlantic.com,Male
602,Lori,2237.48,lmedinagp@etsy.com,Female
603,Dennis,2689.92,dwoodgq@mlb.com,Male
604,Denise,2528.35,dgreenegr@google.fr,Female
605,Sandra,2167.40,shendersongs@parallels.com,Female
606,Alan,4151.25,abradleygt@foxnews.com,Male
607,Debra,2325.17,dmyersgu@newyorker.com,Female
608,Diana,2350.11,dkelleygv@bandcamp.com,Female
609,Marilyn,2795.02,mmarshallgw@tinypic.com,Female
610,Louis,3062.60,lparkergx@paginegialle.it,Male
611,Gary,3313.84,gromerogy@github.io,Male
612,Lawrence,2189.98,lsnydergz@netscape.com,Male
613,Janice,3181.09,jbishoph0@surveymonkey.com,Female
614,Maria,2298.06,mcampbellh1@usa.gov,Female
615,Anna,2318.16,aspencerh2@a8.net,Female
616,Kelly,3259.82,kbellh3@etsy.com,Female
617,Annie,2135.49,ascotth4@is.gd,Female
618,Jesse,4227.45,jriverah5@cnet.com,Male
619,Antonio,1612.78,aschmidth6@cdc.gov,Male
620,John,3180.27,jbowmanh7@deliciousdays.com,Male
621,Amanda,3944.13,ahamiltonh8@archive.org,Female
622,Emily,3210.32,ediazh9@google.fr,Female
623,Alice,4786.43,asimsha@prnewswire.com,Female
624,Kathryn,3128.58,kperkinshb@mit.edu,Female
625,Catherine,1077.54,cstewarthc@mozilla.org,Female
626,James,4218.53,jrussellhd@yelp.com,Male
627,Martin,4092.75,mmurphyhe@booking.com,Male
628,Angela,2112.25,acunninghamhf@cafepress.com,Female
629,Steven,1567.26,shenryhg@google.it,Male
630,Samuel,2755.28,scarterhh@smh.com.au,Male
631,Timothy,4197.83,tricehi@goo.ne.jp,Male
632,Aaron,3691.17,aandersonhj@sina.com.cn,Male
633,Evelyn,3053.31,ehunthk@ftc.gov,Female
634,Lori,3103.48,lmoorehl@yelp.com,Female
635,Kathleen,2859.67,kreynoldshm@samsung.com,Female
636,Lori,2094.13,lreynoldshn@drupal.org,Female
637,Frank,2332.25,ffrazierho@skyrock.com,Male
638,Aaron,4756.39,afisherhp@mit.edu,Male
639,Ruth,2064.59,rcruzhq@gravatar.com,Female
640,Jean,2909.15,jedwardshr@miitbeian.gov.cn,Female
641,Theresa,4133.40,twatkinshs@yahoo.co.jp,Female
642,Annie,3672.13,awoodht@ted.com,Female
643,Joshua,4512.89,jfergusonhu@berkeley.edu,Male
644,Martin,2443.10,mmorganhv@bizjournals.com,Male
645,Sara,4310.87,sbryanthw@joomla.org,Female
646,Joe,1458.31,jjacobshx@joomla.org,Male
647,Doris,1058.58,dramoshy@wordpress.com,Female
648,Debra,1179.10,ddunnhz@prlog.org,Female
649,Gregory,2608.13,ggutierrezi0@ftc.gov,Male
650,Phillip,4540.29,pblacki1@godaddy.com,Male
651,Martin,2242.04,mpetersi2@xinhuanet.com,Male
652,James,3251.96,jcollinsi3@infoseek.co.jp,Male
653,Louis,3193.45,lfergusoni4@woothemes.com,Male
654,Eric,4372.32,emorrisoni5@statcounter.com,Male
655,Amanda,4104.29,aharrisi6@hexun.com,Female
656,James,2124.19,jburkei7@baidu.com,Male
657,Paul,3389.48,pmartini8@naver.com,Male
658,Dennis,1658.82,dholmesi9@telegraph.co.uk,Male
659,Lois,1861.66,lgrahamia@tripod.com,Female
660,Louise,2548.10,lwoodib@tinypic.com,Female
661,Peter,1239.68,psandersic@usatoday.com,Male
662,Andrew,4866.86,awarrenid@seesaa.net,Male
663,Albert,2500.98,afoxie@barnesandnoble.com,Male
664,Philip,4649.11,ptuckerif@buzzfeed.com,Male
665,Mark,4007.21,mbanksig@businessweek.com,Male
666,Linda,4622.48,lcunninghamih@statcounter.com,Female
667,Brandon,4084.48,bthompsonii@google.com.br,Male
668,Heather,2614.46,hsullivanij@cloudflare.com,Female
669,Janice,4799.69,jsmithik@hc360.com,Female
670,Jane,4995.09,jsimpsonil@hugedomains.com,Female
671,Mary,1518.33,mfernandezim@amazon.de,Female
672,Katherine,3883.56,kfloresin@amazon.co.jp,Female
673,Frank,3377.50,ffisherio@photobucket.com,Male
674,Angela,3647.31,akingip@de.vu,Female
675,David,3755.68,dcoxiq@google.co.jp,Male
676,Phyllis,4787.04,phughesir@mail.ru,Female
677,Aaron,3634.70,ajenkinsis@soup.io,Male
678,Jean,1285.31,jcastilloit@addthis.com,Female
679,Beverly,3297.18,bgarzaiu@rakuten.co.jp,Female
680,Justin,1226.14,jbakeriv@macromedia.com,Male
681,Jessica,3669.06,jmontgomeryiw@cafepress.com,Female
682,Ann,4252.66,agardnerix@dropbox.com,Female
683,Frances,4008.17,fbarnesiy@nbcnews.com,Female
684,Frank,3843.93,fhartiz@deliciousdays.com,Male
685,Julia,2271.04,jevansj0@jimdo.com,Female
686,Mary,4499.92,mramosj1@indiatimes.com,Female
687,Evelyn,3449.67,egrayj2@creativecommons.org,Female
688,Larry,4875.01,lsnyderj3@cdbaby.com,Male
689,Russell,1800.45,rnicholsj4@domainmarket.com,Male
690,Justin,3837.30,jmartinezj5@163.com,Male
691,Aaron,3243.28,aricej6@tumblr.com,Male
692,Carl,2914.12,cgrahamj7@taobao.com,Male
693,Louis,1367.64,lleej8@abc.net.au,Male
694,Judy,2144.24,jlewisj9@odnoklassniki.ru,Female
695,Carl,2067.96,cwallaceja@ebay.com,Male
696,Joan,3658.44,jbradleyjb@nature.com,Female
697,Bruce,3606.61,bgordonjc@whitehouse.gov,Male
698,Jesse,3976.96,jrobertsonjd@list-manage.com,Male
699,Harold,1182.78,hthompsonje@oaic.gov.au,Male
700,Gloria,4023.09,gmoorejf@seattletimes.com,Female
701,Cheryl,1652.34,cpattersonjg@nba.com,Female
702,Donna,1983.05,dburnsjh@devhub.com,Female
703,Jerry,3549.14,jhunterji@cocolog-nifty.com,Male
704,Diane,1652.47,dalexanderjj@tuttocitta.it,Female
705,Patricia,2407.68,pjohnstonjk@hao123.com,Female
706,Brenda,1205.46,bsimmonsjl@cbc.ca,Female
707,Earl,1465.70,egardnerjm@wikia.com,Male
708,Peter,3443.00,pcooperjn@livejournal.com,Male
709,Julie,3711.44,jfosterjo@biblegateway.com,Female
710,Kevin,3737.25,kgreenjp@nhs.uk,Male
711,Anthony,1283.46,ajonesjq@exblog.jp,Male
712,Alice,3250.64,asmithjr@skyrock.com,Female
713,Irene,3749.19,iwelchjs@etsy.com,Female
714,Tina,1273.96,tmurphyjt@i2i.jp,Female
715,John,1447.70,jandrewsju@usatoday.com,Male
716,Victor,3490.90,vcarrjv@noaa.gov,Male
717,Betty,2453.69,brogersjw@linkedin.com,Female
718,Diane,1361.07,djohnsonjx@godaddy.com,Female
719,Dorothy,2069.86,dharrisonjy@squarespace.com,Female
720,Douglas,4414.16,dlawrencejz@hhs.gov,Male
721,Rebecca,1088.60,rperkinsk0@epa.gov,Female
722,Jeffrey,1072.53,jreyesk1@samsung.com,Male
723,Lisa,2202.32,lkimk2@printfriendly.com,Female
724,Alan,3314.32,aolsonk3@mashable.com,Male
725,Todd,3886.11,tolsonk4@wikispaces.com,Male
726,Wanda,1110.71,wfreemank5@mit.edu,Female
727,Matthew,2891.79,mlanek6@indiegogo.com,Male
728,David,1907.04,djamesk7@flickr.com,Male
729,Sandra,1336.98,swilliamsonk8@springer.com,Female
730,Laura,4448.58,llawsonk9@exblog.jp,Female
731,Howard,4649.18,hperezka@devhub.com,Male
732,Joyce,4801.50,jmitchellkb@weebly.com,Female
733,Norma,4469.28,nbutlerkc@forbes.com,Female
734,Patrick,4346.83,pfowlerkd@msn.com,Male
735,Kathy,3836.73,ksimmonske@slashdot.org,Female
736,Janet,1386.16,jmoraleskf@mapy.cz,Female
737,Carol,3223.18,cdaviskg@washingtonpost.com,Female
738,Mary,1551.87,mrobinsonkh@prweb.com,Female
739,Larry,3774.59,lyoungki@hud.gov,Male
740,Jerry,4610.90,jlanekj@hud.gov,Male
741,Samuel,2856.82,smillerkk@imdb.com,Male
742,Walter,4988.48,whawkinskl@tinyurl.com,Male
743,Margaret,1521.35,mwilsonkm@time.com,Female
744,Ronald,2101.05,rrobertsonkn@twitter.com,Male
745,Dorothy,3487.99,dbakerko@vk.com,Female
746,Teresa,4518.57,tjenkinskp@youtu.be,Female
747,Ashley,4586.46,amorriskq@mlb.com,Female
748,Jean,2530.63,jaustinkr@people.com.cn,Female
749,Laura,3287.98,lphillipsks@mysql.com,Female
750,Susan,3257.59,swheelerkt@friendfeed.com,Female
751,Deborah,1502.92,dwelchku@goo.gl,Female
752,Charles,2570.52,celliottkv@artisteer.com,Male
753,Nicholas,3258.76,nandersonkw@deliciousdays.com,Male
754,Samuel,1585.68,skellykx@google.com.hk,Male
755,Victor,1780.12,vfisherky@pen.io,Male
756,Evelyn,1458.17,eclarkkz@un.org,Female
757,Benjamin,1579.97,bporterl0@flavors.me,Male
758,Robert,1453.56,rmillerl1@geocities.jp,Male
759,Joan,3494.53,jburtonl2@xing.com,Female
760,Juan,2496.55,jpowelll3@skyrock.com,Male
761,John,4016.69,jperezl4@yale.edu,Male
762,Steve,2797.85,spetersl5@skype.com,Male
763,Emily,1467.78,ebennettl6@disqus.com,Female
764,George,3362.56,gwestl7@ifeng.com,Male
765,Julie,1677.06,jclarkl8@miibeian.gov.cn,Female
766,Randy,4944.77,rduncanl9@is.gd,Male
767,Ryan,2438.94,rstephensla@dailymail.co.uk,Male
768,Carol,1411.28,ccarterlb@unesco.org,Female
769,Cynthia,1189.07,creidlc@businessweek.com,Female
770,Sara,3356.89,scarrollld@chicagotribune.com,Female
771,Robin,1276.85,rhendersonle@newyorker.com,Female
772,Karen,1402.81,kmorrislf@wp.com,Female
773,Judy,4434.20,jcarrlg@usnews.com,Female
774,Marie,1087.91,mcastillolh@mtv.com,Female
775,Donald,1957.69,dreyesli@auda.org.au,Male
776,Earl,1353.22,ehuntlj@so-net.ne.jp,Male
777,Roy,2430.08,rwardlk@yellowpages.com,Male
778,Nicole,4767.89,nandersonll@globo.com,Female
779,Steve,1787.79,sjameslm@scientificamerican.com,Male
780,Frank,2030.97,fwagnerln@yellowpages.com,Male
781,Laura,2758.34,llewislo@bluehost.com,Female
782,Karen,2198.26,kgonzaleslp@zdnet.com,Female
783,Ronald,1715.16,rhowelllq@alibaba.com,Male
784,Kelly,4639.90,krodriguezlr@usgs.gov,Female
785,Gerald,4373.37,gdeanls@fema.gov,Male
786,Teresa,1109.43,tgraylt@clickbank.net,Female
787,Jane,2672.02,jmorenolu@networksolutions.com,Female
788,Deborah,2237.99,djameslv@bluehost.com,Female
789,Joseph,4801.70,jvasquezlw@opera.com,Male
790,David,3730.29,dgilbertlx@forbes.com,Male
791,Kimberly,4141.20,kcollinsly@google.nl,Female
792,Stephen,1659.32,swoodlz@army.mil,Male
793,Debra,3077.77,dhartm0@cdc.gov,Female
794,Ernest,3303.66,emoorem1@addtoany.com,Male
795,Robin,4640.48,rolsonm2@ftc.gov,Female
796,Richard,4729.94,rwagnerm3@exblog.jp,Male
797,Johnny,1709.43,jtaylorm4@sohu.com,Male
798,Brandon,3843.68,bruizm5@google.fr,Male
799,Pamela,4925.16,powensm6@bandcamp.com,Female
800,Antonio,1030.52,ayoungm7@vinaora.com,Male
801,Alan,4007.34,abradleym8@ucsd.edu,Male
802,Theresa,1171.15,tlawsonm9@nasa.gov,Female
803,Albert,1937.28,aburtonma@alibaba.com,Male
804,Ralph,1030.45,rmyersmb@yahoo.com,Male
805,Janice,2544.00,jellismc@jigsy.com,Female
806,Maria,4702.82,mbishopmd@businessweek.com,Female
807,Melissa,2859.11,mmeyerme@histats.com,Female
808,Jessica,1555.99,jwillismf@mapy.cz,Female
809,Anne,2523.33,acunninghammg@hp.com,Female
810,Joshua,4594.30,jrichardsmh@wired.com,Male
811,Cheryl,2168.78,crileymi@sbwire.com,Female
812,Frank,1855.10,fthomasmj@cloudflare.com,Male
813,Benjamin,1053.93,bwalkermk@cnbc.com,Male
814,Katherine,2733.21,kandrewsml@oakley.com,Female
815,Lillian,2861.20,lwashingtonmm@ocn.ne.jp,Female
816,Margaret,3849.81,mmorenomn@jalbum.net,Female
817,Paul,4168.91,pellismo@zdnet.com,Male
818,Edward,3569.05,emyersmp@time.com,Male
819,Jerry,2361.11,jmurraymq@tripadvisor.com,Male
820,Wanda,1119.46,wdixonmr@slashdot.org,Female
821,Jose,3477.19,jbryantms@usnews.com,Male
822,Katherine,3504.05,krobinsonmt@slate.com,Female
823,Jessica,1980.73,jgarzamu@blogger.com,Female
824,Arthur,4078.04,aphillipsmv@amazonaws.com,Male
825,Andrea,3983.03,awellsmw@addtoany.com,Female
826,Margaret,4025.74,mhuntermx@usatoday.com,Female
827,Richard,3456.92,rgrahammy@merriam-webster.com,Male
828,Earl,2907.09,egreenemz@jimdo.com,Male
829,Steven,3637.41,sbarnesn0@cbslocal.com,Male
830,Eric,2842.66,erosen1@eepurl.com,Male
831,Carolyn,4049.21,cmillern2@google.pl,Female
832,Kathy,3829.59,kcolen3@engadget.com,Female
833,Gloria,1973.76,gramirezn4@howstuffworks.com,Female
834,Sean,2535.96,salexandern5@techcrunch.com,Male
835,Patrick,2358.21,phowardn6@ocn.ne.jp,Male
836,Thomas,2826.52,twilsonn7@cisco.com,Male
837,Paula,4305.28,phawkinsn8@godaddy.com,Female
838,Judith,4694.39,jsullivann9@printfriendly.com,Female
839,Steve,3413.57,sfrazierna@biglobe.ne.jp,Male
840,Louis,2050.50,lbowmannb@google.com.au,Male
841,Deborah,3932.40,djonesnc@marriott.com,Female
842,Bobby,3729.66,baustinnd@photobucket.com,Male
843,Brenda,2309.18,bhawkinsne@ustream.tv,Female
844,Wayne,4626.35,wpaynenf@hc360.com,Male
845,Joyce,4393.92,jdanielsng@uol.com.br,Female
846,Jason,2497.71,jolivernh@phoca.cz,Male
847,Gregory,3438.12,gscottni@springer.com,Male
848,Philip,3951.60,pdeannj@hud.gov,Male
849,Christine,2916.77,cthompsonnk@netvibes.com,Female
850,Aaron,1897.11,ataylornl@abc.net.au,Male
851,Jason,1732.77,jowensnm@github.com,Male
852,Jacqueline,1297.26,jsandersnn@twitter.com,Female
853,Louis,2957.12,lfreemanno@gov.uk,Male
854,Louis,2119.55,lburtonnp@technorati.com,Male
855,Maria,1637.86,mtuckernq@jiathis.com,Female
856,Matthew,1123.00,mgarzanr@yellowpages.com,Male
857,Kathleen,3934.21,kbellns@archive.org,Female
858,Jessica,2510.36,jmurraynt@businesswire.com,Female
859,Raymond,4555.56,rcunninghamnu@merriam-webster.com,Male
860,Russell,2508.71,rberrynv@yandex.ru,Male
861,Steven,4126.24,sreyesnw@sciencedaily.com,Male
862,Keith,4877.78,khenrynx@intel.com,Male
863,Joan,3467.17,jpayneny@howstuffworks.com,Female
864,Jerry,2261.81,jwebbnz@deviantart.com,Male
865,Carolyn,1214.05,cmorrisono0@indiatimes.com,Female
866,Pamela,2672.62,psmitho1@soundcloud.com,Female
867,Janet,2543.09,jmillero2@topsy.com,Female
868,Louis,3659.43,lcolemano3@ucoz.ru,Male
869,Kenneth,1369.96,kwagnero4@surveymonkey.com,Male
870,Billy,2761.95,bknighto5@tamu.edu,Male
871,Mildred,2411.97,mpierceo6@hibu.com,Female
872,Carol,3998.00,cwhiteo7@accuweather.com,Female
873,Terry,4086.52,tbaileyo8@bluehost.com,Male
874,Keith,1116.17,kgonzalezo9@cnn.com,Male
875,Roy,2105.34,rwelchoa@twitter.com,Male
876,Arthur,4555.72,atuckerob@house.gov,Male
877,Karen,2072.18,klopezoc@noaa.gov,Female
878,Terry,2676.46,tsullivanod@microsoft.com,Male
879,Gary,2105.78,ghartoe@bloglovin.com,Male
880,Shirley,1198.16,srichardsonof@epa.gov,Female
881,Annie,1528.21,amoralesog@umn.edu,Female
882,Richard,2518.12,rburnsoh@pagesperso-orange.fr,Male
883,Carlos,2571.00,cortizoi@wunderground.com,Male
884,Tammy,4588.08,tblackoj@bbb.org,Female
885,Johnny,3657.18,jclarkok@jalbum.net,Male
886,Sarah,4316.60,sberryol@wordpress.com,Female
887,Debra,1087.11,dreyesom@imdb.com,Female
888,Debra,1414.95,drichardsonon@theatlantic.com,Female
889,Andrea,4651.08,areynoldsoo@bloomberg.com,Female
890,Philip,2429.64,pburnsop@wired.com,Male
891,Deborah,3055.41,dparkeroq@over-blog.com,Female
892,Frances,4789.14,fboydor@patch.com,Female
893,Wayne,4088.02,wbradleyos@mozilla.org,Male
894,Samuel,1674.87,srussellot@shareasale.com,Male
895,Jane,2149.95,jfrazierou@vimeo.com,Female
896,Carol,4984.97,clewisov@cam.ac.uk,Female
897,Justin,2016.44,jcoxow@jimdo.com,Male
898,David,4679.77,dbishopox@oakley.com,Male
899,Earl,4852.12,estevensoy@thetimes.co.uk,Male
900,Jack,1191.63,jcrawfordoz@shareasale.com,Male
901,Paul,4704.08,pjohnsonp0@topsy.com,Male
902,Earl,4786.12,edanielsp1@multiply.com,Male
903,Eric,3700.28,ekellyp2@washingtonpost.com,Male
904,Karen,4004.10,kdayp3@zimbio.com,Female
905,Ruby,1345.49,rfrazierp4@tripadvisor.com,Female
906,Gerald,4901.96,ghamiltonp5@princeton.edu,Male
907,Ernest,3832.60,ereyesp6@cargocollective.com,Male
908,Scott,4899.30,sdeanp7@ca.gov,Male
909,Anna,4781.91,amartinp8@mtv.com,Female
910,Bobby,3590.22,bjohnstonp9@tmall.com,Male
911,Johnny,4824.18,jdixonpa@webs.com,Male
912,Harold,4423.99,hcunninghampb@bloglovin.com,Male
913,Ronald,3709.22,rpeterspc@github.com,Male
914,Wanda,3395.22,wharperpd@mtv.com,Female
915,Heather,4286.25,hberrype@nature.com,Female
916,Daniel,2451.40,dsullivanpf@artisteer.com,Male
917,Theresa,2334.81,tmurraypg@ft.com,Female
918,Johnny,3586.53,jnelsonph@clickbank.net,Male
919,Catherine,3104.13,cjamespi@noaa.gov,Female
920,Sean,4508.06,srosspj@sogou.com,Male
921,Louise,1089.71,lcastillopk@google.es,Female
922,James,1656.66,jtaylorpl@yahoo.co.jp,Male
923,Bobby,3191.12,bhowellpm@telegraph.co.uk,Male
924,Todd,4711.55,tramospn@tumblr.com,Male
925,Teresa,1213.36,tpattersonpo@guardian.co.uk,Female
926,Diana,4442.38,dhillpp@goodreads.com,Female
927,Christopher,4717.00,cshawpq@weibo.com,Male
928,Nicole,1649.55,nwebbpr@oakley.com,Female
929,Mark,3557.47,mkellyps@state.gov,Male
930,Lillian,2853.55,llopezpt@blog.com,Female
931,Dennis,3884.93,dgarciapu@unc.edu,Male
932,Wayne,3335.22,wknightpv@fda.gov,Male
933,Matthew,3777.74,mfranklinpw@joomla.org,Male
934,Carol,3242.83,ccarterpx@tiny.cc,Female
935,Sara,1077.79,sstonepy@npr.org,Female
936,Daniel,4020.61,ddeanpz@forbes.com,Male
937,Albert,4266.42,abarnesq0@amazon.com,Male
938,William,4372.13,wgonzalezq1@google.nl,Male
939,Annie,3340.42,apattersonq2@eventbrite.com,Female
940,Gary,3365.90,gowensq3@live.com,Male
941,Joan,4322.81,jhowardq4@bloglovin.com,Female
942,Albert,3814.21,aelliottq5@guardian.co.uk,Male
943,Theresa,2612.65,tjenkinsq6@drupal.org,Female
944,Martha,3016.35,mhansenq7@washingtonpost.com,Female
945,Alice,1780.78,apierceq8@parallels.com,Female
946,Julie,1963.49,jgardnerq9@ustream.tv,Female
947,Thomas,4406.15,trussellqa@odnoklassniki.ru,Male
948,Angela,4255.21,akennedyqb@bloomberg.com,Female
949,William,3615.14,welliottqc@acquirethisname.com,Male
950,Lisa,1522.18,lmorenoqd@sun.com,Female
951,Arthur,3726.99,astewartqe@canalblog.com,Male
952,Michael,4762.03,mthompsonqf@state.gov,Male
953,Robin,1469.10,rcarrqg@fema.gov,Female
954,Jane,3990.36,jbradleyqh@icio.us,Female
955,Douglas,1390.51,dburkeqi@techcrunch.com,Male
956,Bruce,2174.16,bwatkinsqj@mozilla.com,Male
957,Jacqueline,3501.29,jlongqk@disqus.com,Female
958,Carol,3060.35,cwilliamsonql@phoca.cz,Female
959,Stephen,4805.93,sgrahamqm@theatlantic.com,Male
960,Anthony,1439.13,arobertsqn@google.co.uk,Male
961,Beverly,4452.57,bberryqo@wikipedia.org,Female
962,Elizabeth,4220.83,egonzalezqp@xing.com,Female
963,Daniel,2014.64,dkingqq@tiny.cc,Male
964,Jerry,1840.45,jrayqr@ebay.com,Male
965,Ann,2858.71,awoodsqs@cnet.com,Female
966,David,4523.06,dalexanderqt@ezinearticles.com,Male
967,Wanda,4038.59,wmurrayqu@cyberchimps.com,Female
968,Joe,2090.69,jsimmonsqv@dropbox.com,Male
969,Dennis,2098.16,dalvarezqw@bigcartel.com,Male
970,Shirley,3060.61,sdanielsqx@techcrunch.com,Female
971,Johnny,3192.18,jdixonqy@google.co.uk,Male
972,Julia,2179.44,jfieldsqz@latimes.com,Female
973,Susan,3845.72,spowellr0@rambler.ru,Female
974,Nancy,1207.87,nmorenor1@wikimedia.org,Female
975,James,4272.18,jaustinr2@opensource.org,Male
976,Earl,4177.49,eburtonr3@yolasite.com,Male
977,Katherine,3168.50,kperkinsr4@paginegialle.it,Female
978,Ronald,2182.38,rhernandezr5@ovh.net,Male
979,Carolyn,3706.31,cpetersr6@wiley.com,Female
980,Andrew,3934.20,acrawfordr7@1und1.de,Male
981,Charles,2134.18,cknightr8@thetimes.co.uk,Male
982,Samuel,1369.13,smartinezr9@goo.ne.jp,Male
983,Brian,4252.25,bjohnsonra@is.gd,Male
984,Thomas,3063.81,tfreemanrb@businessinsider.com,Male
985,Thomas,3944.28,tandersonrc@newsvine.com,Male
986,Patrick,1328.31,pwillisrd@huffingtonpost.com,Male
987,Carolyn,3410.07,csimpsonre@google.com.br,Female
988,Irene,3361.58,ibutlerrf@columbia.edu,Female
989,Joyce,4243.40,jroserg@moonfruit.com,Female
990,Russell,4496.14,rkimrh@statcounter.com,Male
991,Michael,3077.66,msanchezri@desdev.cn,Male
992,Craig,2575.50,chunterrj@youku.com,Male
993,Beverly,2545.52,bhillrk@springer.com,Female
994,Carlos,1344.51,charperrl@dropbox.com,Male
995,Harry,4005.22,htaylorrm@virginia.edu,Male
996,Rachel,2557.07,rgibsonrn@imgur.com,Female
997,Diane,4916.41,dmurrayro@paginegialle.it,Female
998,Frank,4945.55,fbakerrp@typepad.com,Male
999,Virginia,2852.47,vgrahamrq@myspace.com,Female
1000,Emily,1403.75,ewatsonrr@tmall.com,Female
